"group","n","mean_tau","se_tau","ci_lo","ci_hi","pct_pos"
"No High School",261,11217.900543069,186.963054866766,10851.4529555302,11584.3481306079,1
"High School",769,11967.8847792337,158.424910546447,11657.3719545626,12278.3976039047,1
"Some College",445,13757.1429329519,241.585430742101,13283.6354886974,14230.6503772064,1
"College+",508,14506.6314421571,185.432048914367,14143.184626285,14870.0782580293,1
