"group","n","mean_tau","se_tau","ci_lo","ci_hi","pct_pos"
"No High School",261,10052.1501396907,200.728100333919,9658.7230630362,10445.5772163452,1
"High School",769,10406.6100040062,116.403692925762,10178.4587658717,10634.7612421407,1
"Some College",445,11137.2766428891,160.114937703146,10823.4513649909,11451.1019207873,1
"College+",508,11498.1375527303,135.524545982638,11232.5094426043,11763.7656628563,1
