"group","n","mean_tau","se_tau","ci_lo","ci_hi","pct_pos"
"<$10K",119,9376.35574627706,188.352783716975,9007.18429019179,9745.52720236233,1
"$10-20K",390,9532.02716371938,106.982477576921,9322.34150766862,9741.71281977014,1
"$20-30K",397,10178.5543922009,102.76318748772,9977.13854472497,10379.9702396768,1
"$30-40K",365,11429.6677092198,109.155864495265,11215.722214809,11643.6132036305,1
"$40-50K",254,14189.4497216272,148.898558876997,13897.6085462283,14481.2908970261,1
"$50-75K",302,18815.7639187401,147.798602296506,18526.078658239,19105.4491792413,1
">$75K",156,21089.7445305884,164.464736548936,20767.3936469525,21412.0954142243,1
