"group","n","mean_tau","se_tau","ci_lo","ci_hi","pct_pos"
"<30",306,9138.12062160028,194.196184451495,8757.49610007535,9518.74514312521,1
"30-35",386,10858.5431643218,195.087051017583,10476.1725443274,11240.9137843163,1
"36-44",593,13479.4770079155,156.965967360868,13171.8237118882,13787.1303039428,1
"45-54",427,15617.1749593581,206.828109016692,15211.7918656853,16022.5580530308,1
"55+",271,14660.319814662,258.527443322991,14153.606025749,15167.0336035751,1
