"group","n","mean_tau","se_tau","ci_lo","ci_hi","pct_pos"
"<$10K",119,9202.40310827757,256.676088239878,8699.31797532741,9705.48824122773,1
"$10-20K",390,8867.83767494034,125.30182186795,8622.24610407916,9113.42924580152,1
"$20-30K",397,9364.64886079695,133.41419805644,9103.15703260633,9626.14068898758,1
"$30-40K",365,10025.9455496371,145.862025801229,9740.05597906667,10311.8351202075,1
"$40-50K",254,11800.1868162566,171.869004134091,11463.3235681537,12137.0500643594,1
"$50-75K",302,13969.3169576795,121.284830007031,13731.5986908657,14207.0352244932,1
">$75K",156,14594.0814320425,157.35783435904,14285.6600766987,14902.5027873862,1
