"outcome","rmse","r2","ate","ate_se"
"net_tfa",56102.2355253004,0.290990406338739,11356.4214633389,1620.88109929
"tw",88344.2962481206,0.462338676690211,9747.47492446365,2635.53629291252
